"","lake","sample","genus","size","size_category"
"1","Lost","ZP7","bosmina",0.5,"small"
"2","Lost","ZP7","daphnia",0.8,"large"
"3","Lost","ZP7","daphnia",1.2,"large"
"4","Lost","ZP7","calanoid",1,"large"
"5","Lost","ZP7","calanoid",2.8,"large"
"6","Lost","ZP7","bosmina",0.4,"small"
"7","Lost","ZP7","daphnia",0.7,"large"
"8","Lost","ZP7","sididae",0.5,"small"
"9","Lost","ZP7","sididae",0.6,"small"
"10","Lost","ZP7","daphnia",1.2,"large"
"11","Lost","ZP7","daphnia",0.8,"large"
"12","Lost","ZP7","daphnia",0.9,"large"
"13","Lost","ZP7","daphnia",0.4,"small"
"14","Lost","ZP7","cyclopoida",0.7,"large"
"15","Lost","ZP7","bosmina",0.3,"small"
"16","Lost","ZP7","daphnia",0.9,"large"
"17","Lost","ZP7","calanoid",0.7,"large"
"18","Lost","ZP7","daphnia",0.8,"large"
"19","Lost","ZP7","daphnia",1,"large"
"20","Lost","ZP7","daphnia",0.7,"large"
"21","Lost","ZP7","daphnia",0.8,"large"
"22","Lost","ZP7","daphnia",0.7,"large"
"23","Lost","ZP7","daphnia",0.9,"large"
"24","Lost","ZP7","daphnia",0.6,"small"
"25","Lost","ZP7","daphnia",0.8,"large"
"26","Lost","ZP7","cyclopoida",0.7,"large"
"27","Lost","ZP7","bosmina",0.4,"small"
"28","Lost","ZP7","cyclopoida",0.5,"small"
"29","Lost","ZP7","daphnia",1.1,"large"
"30","Lost","ZP7","copepod",0.3,"small"
"31","Lost","ZP7","daphnia",0.7,"large"
"32","Lost","ZP7","daphnia",0.5,"small"
"33","Lost","ZP7","rotifer",0.3,"small"
"34","Lost","ZP7","copepod",0.3,"small"
"35","Lost","ZP7","daphnia",0.6,"small"
"36","Lost","ZP7","daphnia",0.7,"large"
"37","Lost","ZP7","copepod",0.3,"small"
"38","Lost","ZP7","bosmina",0.2,"small"
"39","Lost","ZP7","copepod",0.3,"small"
"40","Lost","ZP7","copepod",0.6,"small"
"41","Lost","ZP7","daphnia",0.8,"large"
"42","Lost","ZP7","copepod",0.5,"small"
"43","Lost","ZP7","cyclopoida",0.4,"small"
"44","Lost","ZP7","bosmina",0.3,"small"
"45","Lost","ZP7","bosmina",0.3,"small"
"46","Lost","ZP7","daphnia",1.1,"large"
"47","Lost","ZP7","daphnia",0.8,"large"
"48","Lost","ZP7","daphnia",0.7,"large"
"49","Lost","ZP7","rotifer",0.4,"small"
"50","Lost","ZP7","daphnia",1.5,"large"
"51","Lost","ZP7","bosmina",0.3,"small"
"52","Lost","ZP7","daphnia",1.1,"large"
"53","Lost","ZP7","daphnia",0.9,"large"
"54","Lost","ZP7","daphnia",0.3,"small"
"55","Lost","ZP7","daphnia",0.7,"large"
"56","Lost","ZP7","daphnia",0.7,"large"
"57","Lost","ZP7","daphnia",0.5,"small"
"58","Lost","ZP7","daphnia",1.1,"large"
"59","Lost","ZP7","daphnia",0.6,"small"
"60","Lost","ZP7","daphnia",0.2,"small"
"61","Lost","ZP7","copepod",0.6,"small"
"62","Lost","ZP7","daphnia",0.4,"small"
"63","Lost","ZP7","daphnia",0.9,"large"
"64","Lost","ZP7","daphnia",1,"large"
"65","Lost","ZP7","cyclopoida",0.2,"small"
"66","Lost","ZP7","daphnia",0.7,"large"
"67","Lost","ZP7","rotifer",0.3,"small"
"68","Lost","ZP7","daphnia",0.6,"small"
"69","Lost","ZP7","daphnia",0.2,"small"
"70","Lost","ZP7","daphnia",0.2,"small"
"71","Lost","ZP7","cyclopoida",1,"large"
"72","Lost","ZP7","daphnia",0.6,"small"
"73","Lost","ZP7","daphnia",0.5,"small"
"74","Lost","ZP7","daphnia",0.3,"small"
"75","Lost","ZP7","daphnia",0.3,"small"
"76","Lost","ZP7","daphnia",0.4,"small"
"77","Lost","ZP7","calanoid",0.6,"small"
"78","Lost","ZP7","calanoid",0.3,"small"
"79","Lost","ZP7","calanoid",0.4,"small"
"80","Lost","ZP7","calanoid",0.6,"small"
"81","Lost","ZP7","calanoid",0.2,"small"
"82","Lost","ZP7","bosmina",0.3,"small"
"83","Lost","ZP7","daphnia",1,"large"
"84","Lost","ZP7","daphnia",0.5,"small"
"85","Lost","ZP7","daphnia",0.8,"large"
"86","Lost","ZP7","daphnia",0.9,"large"
"87","Lost","ZP7","daphnia",0.4,"small"
"88","Lost","ZP7","daphnia",0.7,"large"
"89","Lost","ZP7","daphnia",1,"large"
"90","Lost","ZP7","daphnia",0.4,"small"
"91","Lost","ZP7","cyclopoida",0.9,"large"
"92","Lost","ZP7","bosmina",0.3,"small"
"93","Lost","ZP7","bosmina",0.3,"small"
"94","Lost","ZP7","daphnia",0.6,"small"
"95","Lost","ZP7","daphnia",0.5,"small"
"96","Lost","ZP7","daphnia",0.2,"small"
"97","Lost","ZP7","daphnia",0.8,"large"
"98","Lost","ZP7","cyclopoida",0.7,"large"
"99","Lost","ZP7","copepod",0.3,"small"
"100","Lost","ZP7","copepod",0.2,"small"
"101","Lost","ZP7","bosmina",0.2,"small"
"102","Lost","ZP7","daphnia",0.6,"small"
"103","Lost","ZP7","daphnia",0.5,"small"
"104","Lost","ZP7","rotifer",0.3,"small"
"105","Lost","ZP7","rotifer",0.2,"small"
"106","Lost","ZP7","copepod",0.3,"small"
"107","Lost","ZP7","calanoid",1.2,"large"
"108","Lost","ZP7","cyclopoida",0.5,"small"
"109","Lost","ZP7","cyclopoida",0.6,"small"
"110","Lost","ZP7","ceriodaphnia",0.8,"large"
"111","Lost","ZP7","calanoid",2,"large"
"112","Lost","ZP7","calanoid",0.5,"small"
"113","Lost","ZP7","ceriodaphnia",1,"large"
"114","Lost","ZP7","ceriodaphnia",1,"large"
"115","Lost","ZP7","bosmina",0.3,"small"
"116","Lost","ZP7","ceriodaphnia",1,"large"
"117","Lost","ZP7","ceriodaphnia",0.8,"large"
"118","Lost","ZP7","calanoid",2,"large"
"119","Lost","ZP7","bosmina",0.3,"small"
"120","Lost","ZP7","daphnia",1,"large"
"121","Lost","ZP7","daphnia",0.6,"small"
"122","Lost","ZP7","daphnia",1,"large"
"123","Lost","ZP7","daphnia",1,"large"
"124","Lost","ZP7","daphnia",0.5,"small"
"125","Lost","ZP7","bosmina",0.3,"small"
"126","Lost","ZP7","daphnia",1,"large"
"127","Lost","ZP7","daphnia",1,"large"
"128","Lost","ZP7","daphnia",1,"large"
"129","Lost","ZP7","daphnia",0.5,"small"
"130","Lost","ZP7","daphnia",0.6,"small"
"131","Lost","ZP7","daphnia",0.7,"large"
"132","Lost","ZP7","copepod",0.8,"large"
"133","Green","ZP17","cyclopoida",0.5,"small"
"134","Green","ZP17","cyclopoida",0.5,"small"
"135","Green","ZP17","cyclopoida",0.6,"small"
"136","Green","ZP17","cyclopoida",0.5,"small"
"137","Green","ZP17","cyclopoida",0.5,"small"
"138","Green","ZP17","cyclopoida",0.4,"small"
"139","Green","ZP17","cyclopoida",0.7,"large"
"140","Green","ZP17","cyclopoida",0.3,"small"
"141","Green","ZP17","cyclopoida",0.4,"small"
"142","Green","ZP17","cyclopoida",0.5,"small"
"143","Green","ZP17","cyclopoida",0.4,"small"
"144","Green","ZP17","cyclopoida",0.4,"small"
"145","Green","ZP17","cyclopoida",0.4,"small"
"146","Green","ZP17","cyclopoida",0.5,"small"
"147","Green","ZP17","cyclopoida",0.5,"small"
"148","Green","ZP17","cyclopoida",0.5,"small"
"149","Green","ZP17","cyclopoida",0.7,"large"
"150","Green","ZP17","cyclopoida",0.5,"small"
"151","Green","ZP17","cyclopoida",0.5,"small"
"152","Green","ZP17","cyclopoida",0.4,"small"
"153","Green","ZP17","cyclopoida",0.5,"small"
"154","Green","ZP17","cyclopoida",0.4,"small"
"155","Green","ZP17","cyclopoida",0.5,"small"
"156","Green","ZP17","rotifer",0.2,"small"
"157","Green","ZP17","cyclopoida",0.3,"small"
"158","Green","ZP17","cyclopoida",0.4,"small"
"159","Green","ZP17","cyclopoida",0.4,"small"
"160","Green","ZP17","cyclopoida",0.4,"small"
"161","Green","ZP17","cyclopoida",0.4,"small"
"162","Green","ZP17","cyclopoida",0.4,"small"
"163","Green","ZP17","cyclopoida",0.5,"small"
"164","Green","ZP17","cyclopoida",0.4,"small"
"165","Green","ZP17","cyclopoida",0.6,"small"
"166","Green","ZP17","cyclopoida",0.4,"small"
"167","Green","ZP17","cyclopoida",0.6,"small"
"168","Green","ZP17","cyclopoida",0.5,"small"
"169","Green","ZP17","cyclopoida",0.4,"small"
"170","Green","ZP17","cyclopoida",0.7,"large"
"171","Green","ZP17","cyclopoida",0.7,"large"
"172","Green","ZP17","cyclopoida",0.4,"small"
"173","Green","ZP17","cyclopoida",0.6,"small"
"174","Green","ZP17","cyclopoida",0.6,"small"
"175","Green","ZP17","cyclopoida",0.9,"large"
"176","Green","ZP17","cyclopoida",0.5,"small"
"177","Green","ZP17","cyclopoida",0.4,"small"
"178","Green","ZP17","cyclopoida",0.4,"small"
"179","Green","ZP17","cyclopoida",0.5,"small"
"180","Green","ZP17","cyclopoida",0.6,"small"
"181","Green","ZP17","cyclopoida",0.8,"large"
"182","Green","ZP17","cyclopoida",0.4,"small"
"183","Green","ZP17","cyclopoida",0.5,"small"
"184","Green","ZP17","cyclopoida",0.5,"small"
"185","Green","ZP17","cyclopoida",0.4,"small"
"186","Green","ZP17","cyclopoida",0.4,"small"
"187","Green","ZP17","cyclopoida",0.4,"small"
"188","Green","ZP17","cyclopoida",0.3,"small"
"189","Green","ZP17","cyclopoida",0.3,"small"
"190","Green","ZP17","cyclopoida",0.3,"small"
"191","Green","ZP17","cyclopoida",0.3,"small"
"192","Green","ZP17","cyclopoida",0.3,"small"
"193","Green","ZP17","cyclopoida",0.7,"large"
"194","Green","ZP17","cyclopoida",0.4,"small"
"195","Green","ZP17","cyclopoida",0.4,"small"
"196","Green","ZP17","cyclopoida",0.3,"small"
"197","Green","ZP17","cyclopoida",0.6,"small"
"198","Green","ZP17","cyclopoida",0.4,"small"
"199","Green","ZP17","cyclopoida",0.5,"small"
"200","Green","ZP17","cyclopoida",0.4,"small"
"201","Green","ZP17","cyclopoida",0.4,"small"
"202","Green","ZP17","rotifer",0.1,"small"
"203","Green","ZP17","rotifer",0.2,"small"
"204","Green","ZP17","cyclopoida",0.6,"small"
"205","Green","ZP17","cyclopoida",0.6,"small"
"206","Green","ZP17","cyclopoida",0.7,"large"
"207","Green","ZP17","cyclopoida",0.4,"small"
"208","Green","ZP17","cyclopoida",0.5,"small"
"209","Green","ZP17","cyclopoida",0.4,"small"
"210","Green","ZP17","cyclopoida",0.4,"small"
"211","Green","ZP17","cyclopoida",0.4,"small"
"212","Green","ZP17","cyclopoida",0.5,"small"
"213","Green","ZP17","cyclopoida",0.5,"small"
"214","Green","ZP17","cyclopoida",0.9,"large"
"215","Green","ZP17","cyclopoida",0.8,"large"
"216","Green","ZP17","cyclopoida",0.4,"small"
"217","Green","ZP17","cyclopoida",0.4,"small"
"218","Green","ZP17","cyclopoida",0.4,"small"
"219","Green","ZP17","cyclopoida",0.3,"small"
"220","Green","ZP17","cyclopoida",0.6,"small"
"221","Green","ZP17","cyclopoida",0.5,"small"
"222","Green","ZP17","cyclopoida",0.5,"small"
"223","Green","ZP17","cyclopoida",0.6,"small"
"224","Green","ZP17","cyclopoida",0.3,"small"
"225","Green","ZP17","cyclopoida",0.4,"small"
"226","Green","ZP17","cyclopoida",0.3,"small"
"227","Green","ZP17","cyclopoida",0.5,"small"
"228","Green","ZP17","cyclopoida",0.4,"small"
"229","Green","ZP17","cyclopoida",0.4,"small"
"230","Green","ZP17","cyclopoida",0.5,"small"
"231","Green","ZP17","cyclopoida",0.5,"small"
"232","Green","ZP17","cyclopoida",0.3,"small"
"233","Green","ZP17","cyclopoida",0.5,"small"
"234","Green","ZP17","cyclopoida",0.4,"small"
"235","Green","ZP17","cyclopoida",0.4,"small"
"236","Green","ZP17","cyclopoida",0.5,"small"
"237","Green","ZP17","cyclopoida",0.3,"small"
"238","Green","ZP17","cyclopoida",0.5,"small"
"239","Green","ZP17","cyclopoida",0.4,"small"
"240","Green","ZP17","cyclopoida",0.6,"small"
"241","Green","ZP17","cyclopoida",0.4,"small"
"242","Green","ZP17","cyclopoida",0.5,"small"
"243","Green","ZP17","cyclopoida",0.3,"small"
"244","Green","ZP17","cyclopoida",0.3,"small"
"245","Green","ZP17","cyclopoida",0.6,"small"
"246","Green","ZP17","ceriodaphnia",0.8,"large"
"247","Green","ZP17","ceriodaphnia",0.4,"small"
"248","Green","ZP17","ceriodaphnia",0.4,"small"
"249","Green","ZP17","cyclopoida",0.7,"large"
"250","Green","ZP17","ceriodaphnia",0.5,"small"
"251","Green","ZP17","ceriodaphnia",0.5,"small"
"252","Green","ZP17","ceriodaphnia",0.5,"small"
"253","Green","ZP17","ceriodaphnia",0.4,"small"
"254","Green","ZP17","ceriodaphnia",0.4,"small"
"255","Green","ZP17","ceriodaphnia",0.4,"small"
"256","Green","ZP17","ceriodaphnia",0.3,"small"
"257","Green","ZP17","ceriodaphnia",0.5,"small"
"258","Green","ZP17","ceriodaphnia",0.3,"small"
"259","Green","ZP17","ceriodaphnia",0.4,"small"
"260","Lillooet","ZP31","cyclopoida",1.8,"large"
"261","Lillooet","ZP31","cyclopoida",0.6,"small"
"262","Lillooet","ZP31","cyclopoida",1.5,"large"
"263","Lillooet","ZP31","cyclopoida",0.5,"small"
"264","Lillooet","ZP31","cyclopoida",0.5,"small"
"265","Lillooet","ZP31","cyclopoida",0.6,"small"
"266","Lillooet","ZP31","cyclopoida",0.5,"small"
"267","Lillooet","ZP31","cyclopoida",0.5,"small"
"268","Lillooet","ZP31","cyclopoida",0.5,"small"
"269","Lillooet","ZP31","cyclopoida",0.7,"large"
"270","Lillooet","ZP31","cyclopoida",0.6,"small"
"271","Lillooet","ZP31","cyclopoida",0.4,"small"
"272","Lillooet","ZP31","cyclopoida",0.5,"small"
"273","Lillooet","ZP31","cyclopoida",0.6,"small"
"274","Lillooet","ZP31","cyclopoida",0.6,"small"
"275","Lillooet","ZP31","cyclopoida",0.6,"small"
"276","Lillooet","ZP31","cyclopoida",0.6,"small"
"277","Lillooet","ZP31","cyclopoida",0.4,"small"
"278","Lillooet","ZP31","cyclopoida",0.6,"small"
"279","Lillooet","ZP31","cyclopoida",0.5,"small"
"280","Lillooet","ZP31","cyclopoida",0.6,"small"
"281","Lillooet","ZP31","cyclopoida",1.1,"large"
"282","Lillooet","ZP31","cyclopoida",0.6,"small"
"283","Lillooet","ZP31","cyclopoida",0.6,"small"
"284","Lillooet","ZP31","cyclopoida",0.6,"small"
"285","Lillooet","ZP31","cyclopoida",0.6,"small"
"286","Lillooet","ZP31","cyclopoida",0.5,"small"
"287","Lillooet","ZP31","cyclopoida",0.4,"small"
"288","Lillooet","ZP31","cyclopoida",0.6,"small"
"289","Lillooet","ZP31","cyclopoida",0.5,"small"
"290","Lillooet","ZP31","cyclopoida",0.6,"small"
"291","Lillooet","ZP31","cyclopoida",0.4,"small"
"292","Lillooet","ZP31","cyclopoida",0.5,"small"
"293","Lillooet","ZP31","cyclopoida",0.6,"small"
"294","Lillooet","ZP31","cyclopoida",0.6,"small"
"295","Lillooet","ZP31","cyclopoida",0.6,"small"
"296","Lillooet","ZP31","cyclopoida",0.7,"large"
"297","Lillooet","ZP31","cyclopoida",0.7,"large"
"298","Lillooet","ZP31","cyclopoida",0.5,"small"
"299","Lillooet","ZP31","cyclopoida",0.5,"small"
"300","Lillooet","ZP31","cyclopoida",0.6,"small"
"301","Lillooet","ZP31","cyclopoida",0.6,"small"
"302","Lillooet","ZP31","cyclopoida",0.6,"small"
"303","Lillooet","ZP31","cyclopoida",0.6,"small"
"304","Lillooet","ZP31","cyclopoida",0.5,"small"
"305","Lillooet","ZP31","cyclopoida",0.7,"large"
"306","Lillooet","ZP31","cyclopoida",0.9,"large"
"307","Lillooet","ZP31","calanoid",0.6,"small"
"308","Lillooet","ZP31","cyclopoida",0.6,"small"
"309","Lillooet","ZP31","cyclopoida",0.6,"small"
"310","Lillooet","ZP31","cyclopoida",1.7,"large"
"311","Lillooet","ZP31","cyclopoida",1,"large"
"312","Lillooet","ZP31","calanoid",3,"large"
"313","Lillooet","ZP31","cyclopoida",0.6,"small"
"314","Lillooet","ZP31","cyclopoida",0.6,"small"
"315","Lillooet","ZP31","cyclopoida",0.6,"small"
"316","Lillooet","ZP31","cyclopoida",0.5,"small"
"317","Lillooet","ZP31","cyclopoida",0.5,"small"
"318","Lillooet","ZP31","cyclopoida",0.4,"small"
"319","Lillooet","ZP31","cyclopoida",1.2,"large"
"320","Lillooet","ZP31","cyclopoida",0.7,"large"
"321","Lillooet","ZP31","cyclopoida",1.1,"large"
"322","Lillooet","ZP31","calanoid",1.2,"large"
"323","Lillooet","ZP31","cyclopoida",0.6,"small"
"324","Lillooet","ZP31","calanoid",1,"large"
"325","Lillooet","ZP31","cyclopoida",0.7,"large"
"326","Lillooet","ZP31","cyclopoida",0.7,"large"
"327","Lillooet","ZP31","cyclopoida",0.6,"small"
"328","Lillooet","ZP31","cyclopoida",0.7,"large"
"329","Lillooet","ZP31","cyclopoida",0.6,"small"
"330","Lillooet","ZP31","calanoid",0.5,"small"
"331","Lillooet","ZP31","cyclopoida",0.6,"small"
"332","Lillooet","ZP31","cyclopoida",0.6,"small"
"333","Lillooet","ZP31","cyclopoida",0.5,"small"
"334","Lillooet","ZP31","cyclopoida",0.6,"small"
"335","Lillooet","ZP31","cyclopoida",0.6,"small"
"336","Lillooet","ZP31","cyclopoida",0.7,"large"
"337","Lillooet","ZP31","cyclopoida",0.5,"small"
"338","Lillooet","ZP31","cyclopoida",0.7,"large"
"339","Lillooet","ZP31","cyclopoida",0.6,"small"
"340","Lillooet","ZP31","cyclopoida",0.4,"small"
"341","Lillooet","ZP31","cyclopoida",0.6,"small"
"342","Lillooet","ZP31","cyclopoida",0.6,"small"
"343","Lillooet","ZP31","cyclopoida",0.6,"small"
"344","Lillooet","ZP31","cyclopoida",0.7,"large"
"345","Lillooet","ZP31","cyclopoida",0.6,"small"
"346","Lillooet","ZP31","cyclopoida",0.7,"large"
"347","Lillooet","ZP31","calanoid",1,"large"
"348","Lillooet","ZP31","calanoid",1.4,"large"
"349","Lillooet","ZP31","cyclopoida",0.8,"large"
"350","Lillooet","ZP31","calanoid",0.9,"large"
"351","Lillooet","ZP31","calanoid",0.6,"small"
"352","Lillooet","ZP31","cyclopoida",0.6,"small"
"353","Lillooet","ZP31","cyclopoida",0.6,"small"
"354","Lillooet","ZP31","cyclopoida",0.6,"small"
"355","Lillooet","ZP31","cyclopoida",0.7,"large"
"356","Lillooet","ZP31","cyclopoida",0.7,"large"
"357","Lillooet","ZP31","cyclopoida",0.6,"small"
"358","Lillooet","ZP31","cyclopoida",0.5,"small"
"359","Lillooet","ZP31","cyclopoida",0.6,"small"
"360","Lillooet","ZP31","cyclopoida",0.7,"large"
"361","Lillooet","ZP31","cyclopoida",0.6,"small"
"362","Lillooet","ZP31","cyclopoida",0.7,"large"
"363","Lillooet","ZP31","calanoid",1,"large"
"364","Lillooet","ZP31","cyclopoida",0.5,"small"
"365","Lillooet","ZP31","cyclopoida",0.7,"large"
"366","Lillooet","ZP31","calanoid",0.8,"large"
"367","Lillooet","ZP31","cyclopoida",0.6,"small"
"368","Lillooet","ZP31","cyclopoida",0.7,"large"
"369","Lillooet","ZP31","cyclopoida",0.5,"small"
"370","Lillooet","ZP31","cyclopoida",0.6,"small"
"371","Lillooet","ZP31","cyclopoida",0.8,"large"
"372","Lillooet","ZP31","calanoid",0.4,"small"
"373","Lillooet","ZP31","cyclopoida",0.6,"small"
"374","Lillooet","ZP31","calanoid",1.2,"large"
"375","Lillooet","ZP31","calanoid",1.5,"large"
"376","Lillooet","ZP31","cyclopoida",0.6,"small"
"377","Lillooet","ZP31","cyclopoida",0.7,"large"
"378","Lillooet","ZP31","cyclopoida",0.7,"large"
"379","Lillooet","ZP31","cyclopoida",0.6,"small"
"380","Lillooet","ZP31","cyclopoida",0.6,"small"
"381","Lillooet","ZP31","cyclopoida",0.6,"small"
"382","Lillooet","ZP31","cyclopoida",0.6,"small"
"383","Lillooet","ZP31","cyclopoida",0.6,"small"
"384","Lillooet","ZP31","cyclopoida",0.5,"small"
"385","Lillooet","ZP31","calanoid",0.7,"large"
"386","Lillooet","ZP31","cyclopoida",0.6,"small"
"387","Lillooet","ZP31","cyclopoida",0.7,"large"
"388","Lillooet","ZP31","cyclopoida",0.7,"large"
"389","Lillooet","ZP31","cyclopoida",0.6,"small"
"390","One Mile","ZP22","cyclopoida",0.6,"small"
"391","One Mile","ZP22","cyclopoida",0.8,"large"
"392","One Mile","ZP22","bosmina",0.3,"small"
"393","One Mile","ZP22","daphnia",0.4,"small"
"394","One Mile","ZP22","cyclopoida",0.4,"small"
"395","One Mile","ZP22","daphnia",0.7,"large"
"396","One Mile","ZP22","daphnia",0.4,"small"
"397","One Mile","ZP22","daphnia",0.4,"small"
"398","One Mile","ZP22","cyclopoida",0.4,"small"
"399","One Mile","ZP22","calanoid",0.8,"large"
"400","One Mile","ZP22","cyclopoida",0.4,"small"
"401","One Mile","ZP22","daphnia",0.7,"large"
"402","One Mile","ZP22","calanoid",1.7,"large"
"403","One Mile","ZP22","daphnia",0.6,"small"
"404","One Mile","ZP22","cyclopoida",0.7,"large"
"405","One Mile","ZP22","daphnia",0.5,"small"
"406","One Mile","ZP22","daphnia",0.4,"small"
"407","One Mile","ZP22","cyclopoida",0.6,"small"
"408","One Mile","ZP22","cyclopoida",0.4,"small"
"409","One Mile","ZP22","calanoid",0.7,"large"
"410","One Mile","ZP22","cyclopoida",0.3,"small"
"411","One Mile","ZP22","cyclopoida",0.4,"small"
"412","One Mile","ZP22","cyclopoida",0.4,"small"
"413","One Mile","ZP22","cyclopoida",0.5,"small"
"414","One Mile","ZP22","cyclopoida",0.4,"small"
"415","One Mile","ZP22","rotifer",0.2,"small"
"416","One Mile","ZP22","rotifer",0.3,"small"
"417","One Mile","ZP22","bosmina",0.3,"small"
"418","One Mile","ZP22","cyclopoida",0.5,"small"
"419","One Mile","ZP22","rotifer",0.3,"small"
"420","One Mile","ZP22","rotifer",0.2,"small"
"421","One Mile","ZP22","cyclopoida",0.4,"small"
"422","One Mile","ZP22","calanoid",2,"large"
"423","One Mile","ZP22","cyclopoida",0.7,"large"
"424","One Mile","ZP22","cyclopoida",0.6,"small"
"425","One Mile","ZP22","daphnia",0.9,"large"
"426","One Mile","ZP22","rotifer",0.1,"small"
"427","One Mile","ZP22","rotifer",0.2,"small"
"428","One Mile","ZP22","daphnia",0.5,"small"
"429","One Mile","ZP22","sididae",0.6,"small"
"430","One Mile","ZP22","bosmina",0.3,"small"
"431","One Mile","ZP22","cyclopoida",0.4,"small"
"432","One Mile","ZP22","cyclopoida",0.4,"small"
"433","One Mile","ZP22","cyclopoida",0.7,"large"
"434","One Mile","ZP22","cyclopoida",0.7,"large"
"435","One Mile","ZP22","bosmina",0.2,"small"
"436","One Mile","ZP22","cyclopoida",0.4,"small"
"437","One Mile","ZP22","cyclopoida",0.5,"small"
"438","One Mile","ZP22","rotifer",0.2,"small"
"439","One Mile","ZP22","rotifer",0.2,"small"
"440","One Mile","ZP22","rotifer",0.3,"small"
"441","One Mile","ZP22","calanoid",2.2,"large"
"442","One Mile","ZP22","cyclopoida",0.4,"small"
"443","One Mile","ZP22","cyclopoida",0.3,"small"
"444","One Mile","ZP22","cyclopoida",0.6,"small"
"445","One Mile","ZP22","cyclopoida",0.3,"small"
"446","One Mile","ZP22","cyclopoida",0.3,"small"
"447","One Mile","ZP22","cyclopoida",0.6,"small"
"448","One Mile","ZP22","rotifer",0.2,"small"
"449","One Mile","ZP22","daphnia",0.6,"small"
"450","One Mile","ZP22","cyclopoida",0.4,"small"
"451","One Mile","ZP22","cyclopoida",0.4,"small"
"452","One Mile","ZP22","cyclopoida",0.7,"large"
"453","One Mile","ZP22","cyclopoida",0.7,"large"
"454","One Mile","ZP22","daphnia",0.9,"large"
"455","One Mile","ZP22","cyclopoida",0.6,"small"
"456","One Mile","ZP22","bosmina",0.2,"small"
"457","One Mile","ZP22","sididae",0.5,"small"
"458","One Mile","ZP22","sididae",0.5,"small"
"459","One Mile","ZP22","cyclopoida",0.5,"small"
"460","One Mile","ZP22","cyclopoida",0.5,"small"
"461","One Mile","ZP22","daphnia",0.6,"small"
"462","One Mile","ZP22","cyclopoida",0.4,"small"
"463","One Mile","ZP22","cyclopoida",0.8,"large"
"464","One Mile","ZP22","cyclopoida",0.6,"small"
"465","One Mile","ZP22","cyclopoida",0.6,"small"
"466","One Mile","ZP22","cyclopoida",0.6,"small"
"467","One Mile","ZP22","calanoid",1.2,"large"
"468","One Mile","ZP22","calanoid",1.4,"large"
"469","One Mile","ZP22","daphnia",0.7,"large"
"470","One Mile","ZP22","cyclopoida",0.6,"small"
"471","One Mile","ZP22","cyclopoida",0.4,"small"
"472","One Mile","ZP22","cyclopoida",0.5,"small"
"473","One Mile","ZP22","cyclopoida",0.6,"small"
"474","One Mile","ZP22","bosmina",0.2,"small"
"475","One Mile","ZP22","daphnia",0.3,"small"
"476","One Mile","ZP22","daphnia",0.6,"small"
"477","One Mile","ZP22","cyclopoida",0.8,"large"
"478","One Mile","ZP22","cyclopoida",0.5,"small"
"479","One Mile","ZP22","cyclopoida",0.4,"small"
"480","One Mile","ZP22","cyclopoida",0.4,"small"
"481","One Mile","ZP22","sididae",0.5,"small"
"482","One Mile","ZP22","sididae",0.6,"small"
"483","One Mile","ZP22","bosmina",0.3,"small"
"484","One Mile","ZP22","bosmina",0.3,"small"
"485","One Mile","ZP22","cyclopoida",0.4,"small"
"486","One Mile","ZP22","cyclopoida",0.6,"small"
"487","One Mile","ZP22","cyclopoida",0.5,"small"
"488","One Mile","ZP22","sididae",0.5,"small"
"489","One Mile","ZP22","cyclopoida",0.4,"small"
"490","One Mile","ZP22","cyclopoida",0.5,"small"
"491","One Mile","ZP22","cyclopoida",0.4,"small"
"492","One Mile","ZP22","cyclopoida",0.6,"small"
"493","One Mile","ZP22","sididae",0.6,"small"
"494","One Mile","ZP22","cyclopoida",0.4,"small"
"495","One Mile","ZP22","cyclopoida",0.6,"small"
"496","One Mile","ZP22","bosmina",0.3,"small"
"497","One Mile","ZP22","cyclopoida",0.5,"small"
"498","One Mile","ZP22","cyclopoida",0.5,"small"
"499","One Mile","ZP22","bosmina",0.3,"small"
"500","One Mile","ZP22","sididae",0.5,"small"
"501","One Mile","ZP22","cyclopoida",0.7,"large"
"502","One Mile","ZP22","cyclopoida",0.5,"small"
"503","One Mile","ZP22","rotifer",0.3,"small"
"504","One Mile","ZP22","cyclopoida",0.4,"small"
"505","One Mile","ZP22","sididae",0.6,"small"
"506","One Mile","ZP22","cyclopoida",0.6,"small"
"507","One Mile","ZP22","bosmina",0.3,"small"
"508","One Mile","ZP22","sididae",0.6,"small"
"509","One Mile","ZP22","cyclopoida",0.4,"small"
"510","One Mile","ZP22","calanoid",2,"large"
"511","Lost","ZP8","cyclopoida",0.7,"large"
"512","Lost","ZP8","daphnia",0.7,"large"
"513","Lost","ZP8","daphnia",0.5,"small"
"514","Lost","ZP8","bosmina",0.2,"small"
"515","Lost","ZP8","bosmina",0.4,"small"
"516","Lost","ZP8","bosmina",0.4,"small"
"517","Lost","ZP8","bosmina",0.3,"small"
"518","Lost","ZP8","daphnia",0.6,"small"
"519","Lost","ZP8","daphnia",0.7,"large"
"520","Lost","ZP8","daphnia",0.8,"large"
"521","Lost","ZP8","daphnia",0.7,"large"
"522","Lost","ZP8","calanoid",1,"large"
"523","Lost","ZP8","cyclopoida",0.7,"large"
"524","Lost","ZP8","cyclopoida",1.1,"large"
"525","Lost","ZP8","daphnia",0.6,"small"
"526","Lost","ZP8","bosmina",0.3,"small"
"527","Lost","ZP8","bosmina",0.3,"small"
"528","Lost","ZP8","calanoid",1,"large"
"529","Lost","ZP8","daphnia",0.8,"large"
"530","Lost","ZP8","daphnia",1.2,"large"
"531","Lost","ZP8","daphnia",1,"large"
"532","Lost","ZP8","bosmina",0.3,"small"
"533","Lost","ZP8","calanoid",1.1,"large"
"534","Lost","ZP8","bosmina",0.3,"small"
"535","Lost","ZP8","bosmina",0.3,"small"
"536","Lost","ZP8","daphnia",0.6,"small"
"537","Lost","ZP8","daphnia",1,"large"
"538","Lost","ZP8","bosmina",0.3,"small"
"539","Lost","ZP8","daphnia",0.6,"small"
"540","Lost","ZP8","daphnia",1.1,"large"
"541","Lost","ZP8","bosmina",0.3,"small"
"542","Lost","ZP8","bosmina",0.4,"small"
"543","Lost","ZP8","cyclopoida",0.8,"large"
"544","Lost","ZP8","bosmina",0.3,"small"
"545","Lost","ZP8","daphnia",1.1,"large"
"546","Lost","ZP8","daphnia",1.1,"large"
"547","Lost","ZP8","daphnia",0.8,"large"
"548","Lost","ZP8","bosmina",0.4,"small"
"549","Lost","ZP8","bosmina",0.3,"small"
"550","Lost","ZP8","bosmina",0.4,"small"
"551","Lost","ZP8","daphnia",1.1,"large"
"552","Lost","ZP8","daphnia",1.2,"large"
"553","Lost","ZP8","calanoid",0.6,"small"
"554","Lost","ZP8","bosmina",0.4,"small"
"555","Lost","ZP8","bosmina",0.3,"small"
"556","Lost","ZP8","bosmina",0.3,"small"
"557","Lost","ZP8","calanoid",1.4,"large"
"558","Lost","ZP8","daphnia",0.6,"small"
"559","Lost","ZP8","daphnia",0.6,"small"
"560","Lost","ZP8","bosmina",0.4,"small"
"561","Lost","ZP8","daphnia",0.6,"small"
"562","Lost","ZP8","cyclopoida",1.1,"large"
"563","Lost","ZP8","bosmina",0.5,"small"
"564","Lost","ZP8","bosmina",0.4,"small"
"565","Lost","ZP8","bosmina",0.3,"small"
"566","Lost","ZP8","daphnia",0.6,"small"
"567","Lost","ZP8","bosmina",0.3,"small"
"568","Lost","ZP8","daphnia",0.8,"large"
"569","Lost","ZP8","calanoid",0.6,"small"
"570","Lost","ZP8","daphnia",1.1,"large"
"571","Lost","ZP8","cyclopoida",1,"large"
"572","Lost","ZP8","bosmina",0.3,"small"
"573","Lost","ZP8","bosmina",0.4,"small"
"574","Lost","ZP8","bosmina",0.3,"small"
"575","Lost","ZP8","daphnia",0.7,"large"
"576","Lost","ZP8","bosmina",0.3,"small"
"577","Lost","ZP8","daphnia",0.8,"large"
"578","Lost","ZP8","daphnia",0.8,"large"
"579","Lost","ZP8","bosmina",0.3,"small"
"580","Lost","ZP8","calanoid",0.9,"large"
"581","Lost","ZP8","daphnia",0.9,"large"
"582","Lost","ZP8","bosmina",0.3,"small"
"583","Lost","ZP8","bosmina",0.3,"small"
"584","Lost","ZP8","daphnia",1.1,"large"
"585","Lost","ZP8","daphnia",1,"large"
"586","Lost","ZP8","daphnia",0.8,"large"
"587","Lost","ZP8","daphnia",0.9,"large"
"588","Lost","ZP8","calanoid",2,"large"
"589","Lost","ZP8","daphnia",1.1,"large"
"590","Lost","ZP8","calanoid",1.6,"large"
"591","Lost","ZP8","daphnia",1,"large"
"592","Lost","ZP8","daphnia",0.8,"large"
"593","Lost","ZP8","daphnia",0.8,"large"
"594","Lost","ZP8","daphnia",0.9,"large"
"595","Lost","ZP8","daphnia",1,"large"
"596","Lost","ZP8","daphnia",0.6,"small"
"597","Lost","ZP8","daphnia",0.7,"large"
"598","Lost","ZP8","bosmina",0.5,"small"
"599","Lost","ZP8","bosmina",0.5,"small"
"600","Lost","ZP8","bosmina",0.4,"small"
"601","Lost","ZP8","bosmina",0.4,"small"
"602","Lost","ZP8","bosmina",0.4,"small"
"603","Lost","ZP8","calanoid",1,"large"
"604","Lost","ZP8","calanoid",1.2,"large"
"605","Lost","ZP8","daphnia",1,"large"
"606","Lost","ZP8","daphnia",1,"large"
"607","Lost","ZP8","bosmina",0.4,"small"
"608","Lost","ZP8","daphnia",0.6,"small"
"609","Lost","ZP8","cyclopoida",0.6,"small"
"610","Lost","ZP8","daphnia",0.6,"small"
"611","Lost","ZP8","calanoid",0.6,"small"
"612","Lost","ZP8","cyclopoida",0.7,"large"
"613","Lost","ZP8","bosmina",0.3,"small"
"614","Lost","ZP8","bosmina",0.3,"small"
"615","Lost","ZP8","bosmina",0.3,"small"
"616","Lost","ZP8","daphnia",0.6,"small"
"617","Lost","ZP8","daphnia",0.6,"small"
"618","Lost","ZP8","daphnia",1.2,"large"
"619","Lost","ZP8","daphnia",1.1,"large"
"620","Lost","ZP8","daphnia",0.6,"small"
"621","Lost","ZP8","bosmina",0.4,"small"
"622","Lost","ZP8","bosmina",0.3,"small"
"623","Lost","ZP8","bosmina",0.3,"small"
"624","Lost","ZP8","calanoid",0.5,"small"
"625","Lost","ZP8","daphnia",0.6,"small"
"626","Lost","ZP8","daphnia",1.1,"large"
"627","Lost","ZP8","daphnia",0.6,"small"
"628","Lost","ZP8","daphnia",0.7,"large"
"629","Lost","ZP8","cyclopoida",0.7,"large"
"630","Lost","ZP8","daphnia",1.2,"large"
"631","Lillooet","ZP32","calanoid",3.5,"large"
"632","Lillooet","ZP32","calanoid",0.8,"large"
"633","Lillooet","ZP32","calanoid",0.8,"large"
"634","Lillooet","ZP32","calanoid",0.8,"large"
"635","Lillooet","ZP32","calanoid",0.8,"large"
"636","Lillooet","ZP32","calanoid",0.8,"large"
"637","Lillooet","ZP32","cyclopoida",0.7,"large"
"638","Lillooet","ZP32","calanoid",0.6,"small"
"639","Lillooet","ZP32","cyclopoida",0.5,"small"
"640","Lillooet","ZP32","calanoid",1.1,"large"
"641","Lillooet","ZP32","calanoid",1.2,"large"
"642","Lillooet","ZP32","calanoid",1.1,"large"
"643","Lillooet","ZP32","calanoid",0.7,"large"
"644","Lillooet","ZP32","calanoid",0.4,"small"
"645","Lillooet","ZP32","calanoid",0.8,"large"
"646","Lillooet","ZP32","calanoid",0.8,"large"
"647","Lillooet","ZP32","calanoid",0.8,"large"
"648","Lillooet","ZP32","calanoid",0.9,"large"
"649","Lillooet","ZP32","calanoid",0.9,"large"
"650","Lillooet","ZP32","cyclopoida",1,"large"
"651","Lillooet","ZP32","cyclopoida",0.8,"large"
"652","Lillooet","ZP32","calanoid",0.7,"large"
"653","Lillooet","ZP32","cyclopoida",0.7,"large"
"654","Lillooet","ZP32","cyclopoida",0.7,"large"
"655","Lillooet","ZP32","cyclopoida",0.7,"large"
"656","Lillooet","ZP32","cyclopoida",0.7,"large"
"657","Lillooet","ZP32","cyclopoida",0.7,"large"
"658","Lillooet","ZP32","cyclopoida",0.9,"large"
"659","Lillooet","ZP32","cyclopoida",0.4,"small"
"660","Lillooet","ZP32","cyclopoida",0.9,"large"
"661","Lillooet","ZP32","calanoid",0.8,"large"
"662","Lillooet","ZP32","calanoid",1.5,"large"
"663","Lillooet","ZP32","calanoid",0.8,"large"
"664","Lillooet","ZP32","cyclopoida",0.7,"large"
"665","Lillooet","ZP32","calanoid",1,"large"
"666","Lillooet","ZP32","cyclopoida",0.8,"large"
"667","Lillooet","ZP32","calanoid",1,"large"
"668","Lillooet","ZP32","cyclopoida",0.9,"large"
"669","Lillooet","ZP32","calanoid",0.9,"large"
"670","Lillooet","ZP32","cyclopoida",0.7,"large"
"671","Lillooet","ZP32","calanoid",0.5,"small"
"672","Lillooet","ZP32","calanoid",1.6,"large"
"673","Lillooet","ZP32","cyclopoida",0.7,"large"
"674","Lillooet","ZP32","cyclopoida",0.6,"small"
"675","Lillooet","ZP32","calanoid",0.6,"small"
"676","Lillooet","ZP32","cyclopoida",0.7,"large"
"677","Lillooet","ZP32","calanoid",0.8,"large"
"678","Lillooet","ZP32","calanoid",1.6,"large"
"679","Lillooet","ZP32","cyclopoida",0.6,"small"
"680","Lillooet","ZP32","cyclopoida",0.7,"large"
"681","Lillooet","ZP32","cyclopoida",0.7,"large"
"682","Lillooet","ZP32","cyclopoida",0.9,"large"
"683","Lillooet","ZP32","cyclopoida",0.8,"large"
"684","Lillooet","ZP32","cyclopoida",0.7,"large"
"685","Lillooet","ZP32","calanoid",0.8,"large"
"686","Lillooet","ZP32","calanoid",0.5,"small"
"687","Lillooet","ZP32","calanoid",0.5,"small"
"688","Lillooet","ZP32","calanoid",0.9,"large"
"689","Lillooet","ZP32","calanoid",1,"large"
"690","Lillooet","ZP32","calanoid",0.8,"large"
"691","Lillooet","ZP32","cyclopoida",0.6,"small"
"692","Lillooet","ZP32","cyclopoida",0.8,"large"
"693","Lillooet","ZP32","calanoid",0.5,"small"
"694","Lillooet","ZP32","cyclopoida",0.6,"small"
"695","Lillooet","ZP32","cyclopoida",0.7,"large"
"696","Lillooet","ZP32","calanoid",0.7,"large"
"697","Lillooet","ZP32","calanoid",1,"large"
"698","Lillooet","ZP32","calanoid",1,"large"
"699","Lillooet","ZP32","cyclopoida",0.7,"large"
"700","Lillooet","ZP32","cyclopoida",0.7,"large"
"701","Lillooet","ZP32","cyclopoida",0.6,"small"
"702","Lillooet","ZP32","calanoid",1.1,"large"
"703","Lillooet","ZP32","calanoid",0.9,"large"
"704","Lillooet","ZP32","cyclopoida",0.5,"small"
"705","Lillooet","ZP32","cyclopoida",0.8,"large"
"706","Lillooet","ZP32","calanoid",0.9,"large"
"707","Lillooet","ZP32","cyclopoida",0.6,"small"
"708","Lillooet","ZP32","cyclopoida",0.9,"large"
"709","Lillooet","ZP32","calanoid",0.5,"small"
"710","Lillooet","ZP32","cyclopoida",0.7,"large"
"711","Lillooet","ZP32","cyclopoida",0.6,"small"
"712","Lillooet","ZP32","calanoid",1,"large"
"713","Lillooet","ZP32","cyclopoida",0.7,"large"
"714","Lillooet","ZP32","calanoid",0.5,"small"
"715","Lillooet","ZP32","cyclopoida",0.6,"small"
"716","Lillooet","ZP32","calanoid",1,"large"
"717","Lillooet","ZP32","cyclopoida",0.7,"large"
"718","Lillooet","ZP32","calanoid",0.8,"large"
"719","Lillooet","ZP32","cyclopoida",0.6,"small"
"720","Lillooet","ZP32","calanoid",0.8,"large"
"721","Lillooet","ZP32","cyclopoida",0.9,"large"
"722","Lillooet","ZP32","calanoid",0.8,"large"
"723","Lillooet","ZP32","cyclopoida",0.6,"small"
"724","Lillooet","ZP32","cyclopoida",0.8,"large"
"725","Lillooet","ZP32","cyclopoida",0.6,"small"
"726","Lillooet","ZP32","cyclopoida",0.8,"large"
"727","Lillooet","ZP32","calanoid",3.6,"large"
"728","Lillooet","ZP32","cyclopoida",0.6,"small"
"729","Lillooet","ZP32","cyclopoida",0.6,"small"
"730","Lillooet","ZP32","calanoid",1.2,"large"
"731","Lillooet","ZP32","calanoid",1.3,"large"
"732","Lillooet","ZP32","cyclopoida",0.6,"small"
"733","Lillooet","ZP32","calanoid",0.8,"large"
"734","Lillooet","ZP32","calanoid",0.4,"small"
"735","Lillooet","ZP32","calanoid",0.7,"large"
"736","Lillooet","ZP32","cyclopoida",0.6,"small"
"737","Lillooet","ZP32","cyclopoida",0.6,"small"
"738","Lillooet","ZP32","calanoid",1,"large"
"739","Lillooet","ZP32","calanoid",0.6,"small"
"740","Lillooet","ZP32","calanoid",1,"large"
"741","Lillooet","ZP32","calanoid",0.4,"small"
"742","Lillooet","ZP32","cyclopoida",0.6,"small"
"743","Lillooet","ZP32","calanoid",1,"large"
"744","Lillooet","ZP32","cyclopoida",0.6,"small"
"745","Lillooet","ZP32","cyclopoida",0.7,"large"
"746","Lillooet","ZP32","cyclopoida",0.9,"large"
"747","Lillooet","ZP32","cyclopoida",0.7,"large"
"748","Lillooet","ZP32","cyclopoida",0.7,"large"
"749","Lillooet","ZP32","calanoid",1,"large"
"750","Lillooet","ZP32","calanoid",0.5,"small"
"751","Lillooet","ZP32","calanoid",0.8,"large"
"752","One Mile","ZP23","bosmina",0.2,"small"
"753","One Mile","ZP23","cyclopoida",1,"large"
"754","One Mile","ZP23","rotifer",0.2,"small"
"755","One Mile","ZP23","cyclopoida",0.8,"large"
"756","One Mile","ZP23","calanoid",0.8,"large"
"757","One Mile","ZP23","daphnia",0.8,"large"
"758","One Mile","ZP23","calanoid",1.2,"large"
"759","One Mile","ZP23","bosmina",0.3,"small"
"760","One Mile","ZP23","calanoid",1.2,"large"
"761","One Mile","ZP23","daphnia",0.5,"small"
"762","One Mile","ZP23","calanoid",2.2,"large"
"763","One Mile","ZP23","cyclopoida",1,"large"
"764","One Mile","ZP23","sididae",0.8,"large"
"765","One Mile","ZP23","sididae",0.6,"small"
"766","One Mile","ZP23","cyclopoida",0.4,"small"
"767","One Mile","ZP23","cyclopoida",0.4,"small"
"768","One Mile","ZP23","rotifer",0.2,"small"
"769","One Mile","ZP23","daphnia",0.7,"large"
"770","One Mile","ZP23","cyclopoida",0.4,"small"
"771","One Mile","ZP23","daphnia",0.7,"large"
"772","One Mile","ZP23","bosmina",0.2,"small"
"773","One Mile","ZP23","cyclopoida",0.5,"small"
"774","One Mile","ZP23","cyclopoida",0.9,"large"
"775","One Mile","ZP23","cyclopoida",0.6,"small"
"776","One Mile","ZP23","cyclopoida",0.9,"large"
"777","One Mile","ZP23","daphnia",0.4,"small"
"778","One Mile","ZP23","daphnia",0.5,"small"
"779","One Mile","ZP23","daphnia",0.7,"large"
"780","One Mile","ZP23","bosmina",0.3,"small"
"781","One Mile","ZP23","cyclopoida",0.4,"small"
"782","One Mile","ZP23","daphnia",0.3,"small"
"783","One Mile","ZP23","daphnia",0.4,"small"
"784","One Mile","ZP23","bosmina",0.3,"small"
"785","One Mile","ZP23","calanoid",1.6,"large"
"786","One Mile","ZP23","cyclopoida",0.4,"small"
"787","One Mile","ZP23","cyclopoida",0.4,"small"
"788","One Mile","ZP23","cyclopoida",0.9,"large"
"789","One Mile","ZP23","sididae",0.9,"large"
"790","One Mile","ZP23","calanoid",0.9,"large"
"791","One Mile","ZP23","calanoid",1.2,"large"
"792","One Mile","ZP23","cyclopoida",0.5,"small"
"793","One Mile","ZP23","sididae",0.6,"small"
"794","One Mile","ZP23","cyclopoida",0.8,"large"
"795","One Mile","ZP23","cyclopoida",0.4,"small"
"796","One Mile","ZP23","daphnia",0.8,"large"
"797","One Mile","ZP23","calanoid",0.8,"large"
"798","One Mile","ZP23","calanoid",0.7,"large"
"799","One Mile","ZP23","cyclopoida",0.5,"small"
"800","One Mile","ZP23","calanoid",1.1,"large"
"801","One Mile","ZP23","cyclopoida",0.6,"small"
"802","One Mile","ZP23","sididae",1,"large"
"803","One Mile","ZP23","rotifer",0.2,"small"
"804","One Mile","ZP23","cyclopoida",0.5,"small"
"805","One Mile","ZP23","cyclopoida",0.4,"small"
"806","One Mile","ZP23","calanoid",1,"large"
"807","One Mile","ZP23","cyclopoida",0.5,"small"
"808","One Mile","ZP23","bosmina",0.3,"small"
"809","One Mile","ZP23","cyclopoida",0.5,"small"
"810","One Mile","ZP23","calanoid",0.8,"large"
"811","One Mile","ZP23","cyclopoida",0.5,"small"
"812","One Mile","ZP23","cyclopoida",0.4,"small"
"813","One Mile","ZP23","calanoid",0.8,"large"
"814","One Mile","ZP23","daphnia",0.5,"small"
"815","One Mile","ZP23","daphnia",0.5,"small"
"816","One Mile","ZP23","calanoid",0.9,"large"
"817","One Mile","ZP23","bosmina",0.3,"small"
"818","One Mile","ZP23","daphnia",0.4,"small"
"819","One Mile","ZP23","calanoid",0.6,"small"
"820","One Mile","ZP23","sididae",1.1,"large"
"821","One Mile","ZP23","calanoid",1.2,"large"
"822","One Mile","ZP23","calanoid",0.7,"large"
"823","One Mile","ZP23","bosmina",0.3,"small"
"824","One Mile","ZP23","calanoid",0.5,"small"
"825","One Mile","ZP23","sididae",0.9,"large"
"826","One Mile","ZP23","calanoid",0.7,"large"
"827","One Mile","ZP23","calanoid",0.9,"large"
"828","One Mile","ZP23","calanoid",1.2,"large"
"829","One Mile","ZP23","daphnia",0.5,"small"
"830","One Mile","ZP23","cyclopoida",0.6,"small"
"831","One Mile","ZP23","daphnia",1,"large"
"832","One Mile","ZP23","cyclopoida",0.8,"large"
"833","One Mile","ZP23","daphnia",0.8,"large"
"834","One Mile","ZP23","sididae",0.5,"small"
"835","One Mile","ZP23","sididae",0.4,"small"
"836","One Mile","ZP23","sididae",2.2,"large"
"837","One Mile","ZP23","cyclopoida",0.5,"small"
"838","One Mile","ZP23","cyclopoida",0.9,"large"
"839","One Mile","ZP23","calanoid",0.9,"large"
"840","One Mile","ZP23","cyclopoida",0.4,"small"
"841","One Mile","ZP23","cyclopoida",0.4,"small"
"842","One Mile","ZP23","cyclopoida",0.9,"large"
"843","One Mile","ZP23","calanoid",1.2,"large"
"844","One Mile","ZP23","calanoid",0.6,"small"
"845","One Mile","ZP23","sididae",0.9,"large"
"846","One Mile","ZP23","calanoid",1.1,"large"
"847","One Mile","ZP23","cyclopoida",0.8,"large"
"848","One Mile","ZP23","calanoid",0.7,"large"
"849","One Mile","ZP23","sididae",1.3,"large"
"850","One Mile","ZP23","cyclopoida",1,"large"
"851","One Mile","ZP23","cyclopoida",0.5,"small"
"852","One Mile","ZP23","calanoid",1.2,"large"
"853","One Mile","ZP23","sididae",0.9,"large"
"854","One Mile","ZP23","cyclopoida",1.1,"large"
"855","One Mile","ZP23","cyclopoida",0.5,"small"
"856","One Mile","ZP23","calanoid",0.9,"large"
"857","One Mile","ZP23","calanoid",0.7,"large"
"858","One Mile","ZP23","cyclopoida",1,"large"
"859","One Mile","ZP23","cyclopoida",0.6,"small"
"860","One Mile","ZP23","cyclopoida",0.6,"small"
"861","One Mile","ZP23","cyclopoida",0.5,"small"
"862","One Mile","ZP23","calanoid",0.6,"small"
"863","One Mile","ZP23","calanoid",1.2,"large"
"864","One Mile","ZP23","sididae",0.8,"large"
